name,dsa,projects,iq,attendance,placed
Manish0,57,0,95,61,0
Isha1,52,10,129,41,1
Priya2,15,1,87,59,0
Rahul3,287,3,129,83,1
Nikhil4,142,0,80,84,0
Rohan5,110,5,73,41,0
Divya6,433,5,137,63,1
Isha7,235,8,75,78,0
Neha8,424,10,139,76,1
Deepak9,35,0,89,67,0
Nisha10,119,1,108,65,0
Vikas11,186,2,107,75,0
Arjun12,359,10,69,51,1
Pooja13,83,7,108,64,1
Manish14,352,8,88,71,1
Sanjay15,28,3,64,70,0
Amit16,108,9,100,57,1
Suresh17,452,10,118,48,1
Pooja18,381,8,128,63,1
Meena19,459,9,111,76,1
Rohan20,260,7,71,36,1
Rohan21,321,2,114,38,0
Shreya22,239,8,92,100,1
Rahul23,348,1,128,64,1
Karan24,57,4,115,50,0
Isha25,448,4,124,52,1
Sneha26,445,10,98,94,1
Rohan27,191,2,129,97,1
Shreya28,165,7,62,44,1
Rajesh29,425,4,90,37,0
Nikhil30,484,1,70,92,1
Sanjay31,272,2,76,90,1
Anjali32,135,8,137,84,1
Swati33,276,3,99,81,1
Manish34,191,7,126,87,1
Pooja35,32,5,62,100,0
Pooja36,3,1,140,37,0
Rajesh37,16,5,69,95,0
Tanvi38,248,3,129,46,1
Rajesh39,292,9,120,61,1
Ritu40,208,3,72,42,0
Divya41,216,6,119,36,1
Manish42,50,0,111,73,0
Sneha43,127,3,84,98,0
Meena44,93,4,119,61,1
Amit45,226,8,72,36,1
Simran46,428,0,71,60,0
Kavya47,246,3,111,37,0
Rahul48,199,4,118,66,0
Isha49,401,8,122,49,1
Vikram50,495,0,134,99,1
Karan51,29,0,134,91,0
Nisha52,271,2,67,95,0
Anjali53,35,9,68,60,0
Rajesh54,291,3,134,35,1
Meena55,336,9,132,96,1
Arjun56,104,10,100,60,0
Rohan57,343,10,98,88,1
Sanjay58,479,1,61,88,1
Nikhil59,51,1,128,57,0
Rohan60,477,5,68,61,1
Anjali61,224,8,98,97,0
Vikas62,283,4,73,47,0
Rajesh63,54,8,79,64,0
Vikram64,367,5,86,63,1
Arjun65,463,0,71,84,1
Priya66,1,5,76,63,0
Ravi67,282,6,131,31,0
Rajesh68,353,2,129,34,1
Nikhil69,282,2,115,46,0
Divya70,460,0,105,56,1
Tanvi71,52,5,131,82,1
Isha72,79,3,80,52,0
Rahul73,91,5,112,61,0
Ritu74,359,1,108,34,1
Pooja75,102,7,104,69,1
Nisha76,116,3,63,54,0
Arjun77,442,1,95,74,1
Suresh78,347,8,102,33,0
Arjun79,91,9,93,34,0
Meena80,176,5,115,95,0
Rajesh81,295,3,92,35,0
Rahul82,266,8,85,76,1
Tanvi83,471,5,139,70,1
Sneha84,368,4,124,69,1
Karan85,206,4,130,46,0
Tanvi86,481,6,82,68,1
Vikas87,0,4,96,56,0
Nikhil88,310,10,101,89,1
Tanvi89,109,8,120,51,1
Neha90,263,10,139,72,1
Sanjay91,120,10,99,58,1
Rohan92,12,0,91,90,0
Sanjay93,37,7,113,54,1
Suresh94,253,6,91,48,1
Rahul95,457,1,114,58,0
Deepak96,265,7,66,61,1
Sneha97,233,2,119,97,1
Shreya98,162,7,138,94,1
Swati99,280,7,80,90,1
Sanjay100,126,10,95,96,1
Pooja101,140,7,69,66,0
Karan102,163,8,70,47,0
Suresh103,355,2,87,38,0
Karan104,277,7,113,37,0
Meena105,199,9,62,78,1
Divya106,152,6,113,98,1
Simran107,409,9,88,92,1
Meena108,248,0,109,73,0
Ritu109,207,2,119,46,1
Simran110,13,6,135,33,0
Meena111,69,7,83,36,0
Karan112,108,7,101,73,1
Suresh113,142,6,92,40,0
Isha114,276,0,104,58,0
Sanjay115,490,10,65,33,1
Vikram116,429,0,139,49,1
Kavya117,342,1,132,57,1
Arjun118,392,5,81,44,1
Anjali119,493,4,73,33,1
Nikhil120,346,6,110,55,0
Deepak121,425,10,91,43,1
Neha122,435,10,136,45,1
Nikhil123,400,0,104,98,1
Divya124,35,8,103,31,0
Vikas125,250,1,115,76,1
Vikas126,235,2,115,52,1
Manish127,138,9,128,91,1
Vikas128,374,9,94,71,1
Vikas129,478,1,95,87,1
Ravi130,291,9,108,73,1
Nisha131,166,2,122,57,0
Arjun132,174,4,136,65,1
Aditya133,485,3,70,60,1
Kavya134,284,3,120,92,1
Rahul135,47,4,88,81,0
Neha136,339,9,107,90,1
Divya137,217,8,102,75,1
Arjun138,156,4,89,45,0
Karan139,61,8,83,54,0
Kavya140,141,9,127,66,1
Vikas141,99,4,89,76,0
Rahul142,362,8,76,65,0
Priya143,283,4,76,92,0
Rahul144,293,4,120,91,1
Anjali145,494,0,92,91,0
Amit146,205,7,69,36,0
Ritu147,288,4,70,61,0
Sanjay148,213,9,136,58,1
Suresh149,230,7,98,84,1
Shreya150,30,9,72,56,0
Arjun151,338,1,80,60,0
Amit152,80,0,112,87,0
Kavya153,149,0,89,66,0
Deepak154,440,7,69,59,1
Ritu155,405,10,135,55,1
Simran156,115,10,79,64,1
Amit157,30,2,99,66,0
Ravi158,352,4,111,64,1
Kavya159,224,1,136,35,1
Isha160,165,9,92,33,0
Tanvi161,428,9,135,32,1
Tanvi162,420,4,133,35,1
Anjali163,240,8,116,65,1
Nikhil164,223,10,122,41,1
Meena165,170,5,73,50,0
Deepak166,253,4,111,100,0
Amit167,161,4,101,44,1
Suresh168,442,8,60,99,1
Priya169,96,8,106,93,1
Sanjay170,26,3,94,100,0
Neha171,224,7,75,33,1
Shreya172,409,3,80,69,1
Simran173,208,1,88,44,0
Sneha174,331,2,123,67,1
Arjun175,212,7,120,61,1
Rohan176,196,3,136,95,1
Rohan177,442,1,95,83,1
Ritu178,259,4,60,66,0
Vikas179,300,9,122,49,1
Kavya180,176,5,130,99,1
Swati181,164,3,90,79,0
Sanjay182,210,0,100,90,0
Ritu183,195,6,79,93,1
Rohan184,257,9,102,42,1
Ravi185,51,8,118,31,1
Meena186,445,10,79,39,1
Arjun187,173,9,110,40,1
Nisha188,345,8,108,70,1
Rajesh189,388,7,129,34,1
Pooja190,323,10,96,59,1
Meena191,500,1,72,86,0
Neha192,462,0,65,71,1
Neha193,183,5,115,48,0
Meena194,289,10,83,51,1
Shreya195,445,6,139,60,1
Nikhil196,73,3,119,62,0
Tanvi197,4,7,96,99,0
Ravi198,483,5,135,68,1
Meena199,353,4,118,68,1
Suresh200,436,7,73,60,1
Divya201,294,4,97,32,1
Tanvi202,202,4,61,36,0
Isha203,254,4,89,75,0
Vikram204,317,4,77,42,1
Manish205,20,4,116,34,0
Isha206,67,1,97,71,0
Anjali207,102,2,129,76,0
Swati208,139,2,92,91,1
Neha209,382,5,74,89,1
Rohan210,386,3,110,76,0
Suresh211,7,4,128,45,0
Tanvi212,383,10,93,78,1
Divya213,55,10,89,90,0
Rajesh214,482,8,101,58,1
Manish215,421,7,98,82,1
Priya216,484,0,98,93,1
Pooja217,454,8,77,79,1
Tanvi218,486,8,113,49,1
Manish219,50,7,138,82,1
Arjun220,16,5,87,86,0
Pooja221,437,5,72,77,1
Manish222,183,0,110,65,0
Sneha223,485,7,71,57,1
Shreya224,497,0,66,72,0
Rohan225,402,9,86,38,1
Simran226,106,9,87,59,0
Rohan227,403,9,60,65,1
Rohan228,66,8,92,52,0
Nisha229,13,2,61,75,0
Pooja230,301,5,62,52,0
Rohan231,379,6,127,44,1
Kavya232,229,5,125,43,1
Pooja233,484,9,65,96,1
Manish234,493,0,67,91,1
Meena235,351,1,122,86,0
Amit236,164,9,78,38,0
Shreya237,324,9,130,71,1
Shreya238,271,4,118,94,1
Sneha239,406,1,130,57,1
Rajesh240,116,6,103,88,0
Isha241,48,5,114,70,0
Divya242,488,2,120,38,0
Amit243,47,6,72,77,0
Simran244,30,9,131,72,1
Meena245,181,10,114,36,1
Shreya246,159,5,73,94,0
Tanvi247,246,3,73,74,1
Divya248,58,4,133,58,1
Nisha249,287,9,138,33,1
Tanvi250,424,4,63,53,0
Sanjay251,158,5,104,30,0
Rohan252,289,10,111,38,1
Manish253,497,0,71,97,0
Meena254,232,5,80,77,0
Karan255,397,9,136,40,1
Rohan256,80,9,66,40,0
Tanvi257,217,7,137,86,1
Vikram258,386,8,74,74,1
Neha259,347,10,135,92,1
Neha260,23,3,110,37,0
Neha261,484,3,77,62,1
Sneha262,3,7,115,52,0
Simran263,360,3,124,75,1
Nisha264,379,0,115,32,0
Amit265,441,5,133,84,1
Deepak266,327,6,97,44,1
Karan267,87,9,118,76,0
Nisha268,54,3,115,81,0
Suresh269,445,4,103,58,1
Anjali270,39,8,74,97,0
Rajesh271,397,5,104,48,1
Rohan272,131,3,82,49,0
Manish273,38,2,140,93,0
Nikhil274,389,9,117,71,1
Manish275,161,2,116,38,0
Manish276,155,4,135,37,0
Amit277,158,7,117,34,0
Vikas278,146,1,71,94,0
Nikhil279,283,0,117,54,0
Kavya280,256,2,67,87,0
Rajesh281,428,5,70,94,1
Priya282,126,7,116,97,1
Anjali283,186,5,96,79,0
Karan284,347,9,66,72,0
Sneha285,285,10,109,66,1
Nisha286,336,9,79,72,1
Tanvi287,72,5,99,80,0
Deepak288,480,1,99,78,1
Karan289,416,2,127,41,1
Meena290,260,5,62,76,0
Vikram291,174,7,84,58,1
Rohan292,39,4,72,94,0
Vikas293,378,8,64,73,1
Shreya294,67,9,108,49,0
Vikas295,354,9,81,86,1
Divya296,346,3,116,66,1
Ritu297,229,3,128,60,0
Ritu298,401,7,84,77,1
Nikhil299,225,7,96,78,1
Meena300,494,2,85,47,1
Priya301,328,7,107,100,1
Deepak302,433,8,75,66,1
Anjali303,139,7,125,48,1
Amit304,484,3,117,74,1
Meena305,27,6,124,77,0
Amit306,191,3,63,70,0
Vikas307,365,10,102,48,1
Neha308,469,7,77,90,1
Rahul309,463,1,62,62,0
Rohan310,280,9,127,84,1
Neha311,121,4,75,36,0
Manish312,406,9,118,38,1
Rajesh313,255,9,128,32,1
Nikhil314,123,2,97,84,0
Divya315,123,9,113,53,1
Amit316,268,5,68,97,1
Ritu317,259,8,62,79,1
Priya318,325,6,107,62,1
Divya319,403,1,104,60,1
Manish320,53,9,102,47,0
Simran321,173,10,82,89,1
Kavya322,323,2,77,38,0
Ravi323,18,4,85,35,0
Rajesh324,21,5,99,95,0
Vikas325,278,7,92,34,1
Vikram326,146,5,66,72,0
Ritu327,188,6,111,86,1
Suresh328,173,2,123,93,0
Ritu329,265,4,70,84,0
Shreya330,421,2,129,67,1
Amit331,167,10,97,69,1
Deepak332,218,2,116,74,0
Isha333,445,5,138,85,1
Ritu334,485,0,69,81,0
Ritu335,383,10,80,33,1
Shreya336,347,7,64,46,0
Sanjay337,330,5,106,79,1
Priya338,309,2,117,77,1
Sanjay339,39,9,77,97,0
Karan340,332,4,91,44,0
Anjali341,255,8,109,45,1
Arjun342,360,7,87,66,1
Kavya343,102,1,77,39,0
Rajesh344,365,7,71,70,1
Deepak345,33,8,129,67,1
Nisha346,80,10,82,76,1
Sneha347,102,2,90,93,0
Simran348,293,5,119,100,1
Rajesh349,44,1,99,80,0
Isha350,245,8,112,82,1
Amit351,64,5,69,87,0
Aditya352,176,2,130,53,1
Rohan353,221,8,67,45,0
Neha354,84,2,101,58,0
Aditya355,458,4,70,62,0
Simran356,140,2,140,68,1
Amit357,257,10,81,49,0
Shreya358,368,9,103,35,1
Rahul359,41,0,133,63,0
Sanjay360,292,6,139,33,1
Manish361,279,4,98,91,0
Ritu362,350,6,98,88,1
Priya363,80,7,113,91,1
Karan364,310,2,100,70,1
Nisha365,176,6,76,77,0
Sneha366,163,3,119,45,0
Pooja367,72,1,66,67,0
Nisha368,315,6,91,50,1
Swati369,295,5,84,50,0
Aditya370,239,7,99,93,0
Suresh371,258,7,90,57,1
Priya372,25,4,123,90,0
Rahul373,433,1,115,47,1
Isha374,187,6,106,35,0
Nikhil375,287,3,106,100,1
Suresh376,258,7,130,65,1
Shreya377,348,9,75,46,1
Suresh378,191,5,131,76,1
Vikram379,308,8,111,94,1
Priya380,70,5,120,96,1
Shreya381,457,8,77,71,1
Karan382,83,6,138,68,1
Aditya383,424,8,128,92,1
Neha384,243,0,107,72,0
Meena385,298,4,140,33,1
Arjun386,495,10,134,59,1
Nikhil387,245,2,127,78,0
Tanvi388,124,0,133,44,0
Ravi389,160,6,79,82,1
Meena390,256,9,120,37,1
Aditya391,106,8,101,91,1
Karan392,489,2,118,98,1
Divya393,346,10,93,91,1
Pooja394,142,8,98,58,1
Neha395,394,4,86,92,1
Divya396,286,4,96,45,1
Simran397,194,6,104,48,0
Neha398,489,1,104,86,1
Isha399,245,3,85,98,0
Simran400,356,4,77,43,1
Nikhil401,122,3,66,97,0
Pooja402,26,1,112,72,0
Sneha403,348,2,60,100,1
Anjali404,208,10,120,91,1
Sanjay405,493,4,101,66,1
Swati406,393,1,133,59,1
Isha407,435,0,82,83,1
Anjali408,478,0,110,93,1
Isha409,492,4,64,31,0
Shreya410,54,5,96,88,1
Simran411,268,7,77,94,1
Vikram412,414,1,102,50,1
Manish413,131,2,61,73,0
Nikhil414,345,3,82,81,1
Aditya415,167,1,111,42,0
Rohan416,244,5,91,30,0
Pooja417,228,4,102,68,1
Nikhil418,5,4,106,60,0
Sneha419,238,4,80,81,1
Swati420,458,4,75,67,1
Pooja421,112,2,121,49,0
Shreya422,191,6,130,90,1
Ritu423,340,3,91,40,0
Aditya424,360,5,69,44,0
Simran425,462,8,85,98,1
Karan426,437,8,116,44,1
Deepak427,298,7,71,95,1
Priya428,232,2,125,83,1
Priya429,286,7,99,32,1
Vikas430,1,3,134,39,0
Divya431,358,1,129,37,1
Amit432,478,7,64,66,1
Sanjay433,69,10,113,77,1
Suresh434,229,6,108,40,1
Tanvi435,447,8,77,74,1
Simran436,201,8,76,58,1
Sanjay437,11,4,119,99,0
Suresh438,421,3,91,88,1
Arjun439,96,1,64,83,0
Swati440,452,0,90,56,0
Shreya441,17,7,136,36,0
Priya442,205,7,89,99,1
Nisha443,397,0,77,94,1
Pooja444,417,9,100,71,1
Rajesh445,73,10,126,58,1
Arjun446,31,8,135,52,1
Meena447,284,7,66,74,1
Tanvi448,195,8,100,83,1
Neha449,192,2,128,90,0
Pooja450,153,2,119,37,0
Meena451,285,8,77,79,1
Vikram452,169,10,70,87,1
Amit453,274,3,66,64,0
Shreya454,308,0,69,54,0
Nikhil455,370,10,131,57,1
Nisha456,464,5,98,31,1
Vikram457,492,1,121,61,1
Deepak458,104,6,90,100,0
Neha459,194,7,128,75,1
Divya460,262,7,119,42,1
Isha461,240,5,86,77,0
Priya462,288,3,78,32,0
Swati463,299,9,113,67,1
Karan464,117,6,132,61,1
Manish465,483,10,103,62,1
Kavya466,494,10,122,88,1
Ritu467,180,2,77,99,0
Swati468,455,8,67,97,1
Nisha469,38,10,66,30,0
Vikas470,322,3,68,49,0
Aditya471,233,5,67,91,1
Rahul472,3,8,130,82,0
Aditya473,369,4,128,66,1
Vikas474,357,10,115,52,1
Sneha475,268,2,90,54,0
Arjun476,417,5,94,80,1
Suresh477,235,9,91,58,1
Vikas478,434,1,64,41,0
Suresh479,282,7,67,31,1
Amit480,255,6,102,42,1
Swati481,21,3,87,90,0
Swati482,38,10,95,99,1
Priya483,91,5,62,56,0
Sanjay484,420,6,69,68,1
Pooja485,290,6,129,72,1
Isha486,71,1,124,74,0
Meena487,118,1,103,80,1
Karan488,15,10,94,87,1
Divya489,283,6,115,53,1
Tanvi490,194,1,139,67,1
Deepak491,37,1,94,49,0
Ritu492,324,2,109,70,0
Amit493,2,4,116,76,0
Sneha494,67,1,83,85,0
Simran495,262,6,73,33,0
Simran496,47,9,136,71,1
Rahul497,149,6,109,40,1
Simran498,463,3,133,96,1
Suresh499,86,2,94,68,0
Rohan500,32,2,115,65,0
Kavya501,400,1,106,62,1
Isha502,320,7,136,55,1
Rohan503,155,0,110,72,0
Suresh504,411,5,116,72,1
Vikas505,440,10,136,47,1
Shreya506,485,3,121,70,1
Suresh507,495,5,97,92,1
Ritu508,124,5,108,65,1
Suresh509,186,1,132,55,0
Simran510,92,10,130,33,1
Ravi511,482,3,116,67,1
Amit512,419,6,123,47,1
Pooja513,129,10,79,84,1
Amit514,229,9,121,81,1
Swati515,471,6,129,34,1
Divya516,359,8,136,40,1
Pooja517,336,10,105,51,1
Priya518,288,10,111,72,1
Meena519,54,0,72,63,0
Isha520,265,8,134,58,1
Suresh521,237,10,135,94,1
Rahul522,247,1,97,83,1
Amit523,59,2,104,69,0
Ritu524,105,8,121,74,1
Ravi525,369,7,100,38,1
Ritu526,363,1,62,73,0
Tanvi527,409,2,91,96,1
Anjali528,169,8,114,89,1
Suresh529,322,2,83,85,0
Isha530,314,3,117,84,1
Deepak531,109,3,95,38,0
Ritu532,446,8,83,76,1
Ravi533,58,4,122,97,1
Karan534,305,6,138,80,1
Divya535,180,7,139,52,1
Deepak536,409,4,138,40,1
Karan537,60,3,99,44,0
Deepak538,72,8,109,83,1
Nikhil539,196,6,83,92,1
Deepak540,470,10,82,51,1
Rohan541,95,5,117,36,1
Rahul542,248,2,84,79,1
Aditya543,334,7,112,92,1
Vikas544,227,7,81,40,0
Ritu545,389,3,97,34,0
Simran546,147,2,118,93,0
Sneha547,293,1,94,99,1
Divya548,277,0,116,99,0
Meena549,52,10,91,68,1
Priya550,230,4,104,41,0
Sneha551,397,3,86,74,1
Shreya552,323,6,81,47,1
Vikas553,105,0,132,74,0
Shreya554,275,2,101,67,0
Arjun555,487,8,72,47,1
Ritu556,210,0,95,46,0
Rohan557,127,2,101,61,0
Tanvi558,201,7,78,64,1
Suresh559,231,1,71,81,0
Arjun560,355,5,118,92,1
Rahul561,444,1,118,75,1
Ritu562,273,6,87,84,1
Kavya563,137,5,96,73,0
Rohan564,289,7,103,36,0
Manish565,401,7,62,45,1
Anjali566,225,7,60,84,0
Deepak567,465,2,98,50,1
Rajesh568,140,1,106,62,0
Tanvi569,462,10,81,36,1
Neha570,371,3,114,41,1
Rahul571,109,7,69,46,0
Aditya572,348,7,61,31,1
Vikas573,61,6,76,91,0
Suresh574,45,1,73,70,0
Neha575,70,6,77,48,0
Nikhil576,4,9,81,86,0
Vikram577,321,2,112,86,1
Amit578,459,1,77,45,1
Suresh579,179,6,100,47,0
Manish580,43,3,130,66,0
Deepak581,13,10,98,56,0
Aditya582,96,6,97,36,0
Ritu583,488,3,123,79,1
Kavya584,326,9,69,97,1
Rahul585,184,5,76,79,1
Nikhil586,215,5,129,52,1
Sanjay587,37,0,135,38,0
Vikram588,20,0,110,94,0
Deepak589,256,6,114,81,1
Simran590,275,9,79,65,0
Amit591,261,3,79,98,0
Nikhil592,324,10,68,69,1
Isha593,488,3,67,61,0
Meena594,59,7,138,37,0
Isha595,336,2,75,31,0
Deepak596,5,2,123,74,0
Ritu597,421,4,81,77,0
Sanjay598,447,4,75,33,0
Meena599,139,8,68,63,1
Nikhil600,321,1,123,88,1
Priya601,255,9,81,77,1
Sanjay602,52,9,74,59,0
Rahul603,22,0,91,35,0
Suresh604,471,2,82,34,1
Swati605,365,10,113,58,1
Meena606,468,5,94,39,1
Sneha607,257,10,66,52,0
Aditya608,23,6,68,89,0
Sanjay609,432,4,101,41,1
Rahul610,188,3,97,68,1
Pooja611,237,5,135,93,1
Sanjay612,100,8,91,49,0
Meena613,12,3,129,74,0
Deepak614,449,0,102,30,1
Suresh615,434,4,73,56,1
Pooja616,214,7,67,48,1
Amit617,22,3,126,82,0
Divya618,234,1,134,42,0
Manish619,419,6,69,37,1
Rohan620,121,4,93,70,1
Suresh621,358,5,100,87,1
Amit622,483,3,77,43,0
Anjali623,230,7,100,82,0
Divya624,493,3,117,69,1
Nisha625,61,1,80,68,0
Deepak626,308,0,87,71,0
Deepak627,127,5,110,95,0
Neha628,133,2,63,81,0
Simran629,383,8,91,42,1
Ritu630,406,2,75,31,0
Sanjay631,113,2,85,81,0
Manish632,480,10,70,63,1
Amit633,11,1,85,86,0
Amit634,463,5,75,35,1
Priya635,86,9,115,80,1
Suresh636,349,6,82,75,1
Anjali637,140,4,117,49,0
Shreya638,315,3,97,93,1
Simran639,245,0,71,65,0
Meena640,102,10,127,61,1
Ritu641,278,0,108,75,0
Ritu642,248,5,132,94,1
Arjun643,92,0,100,58,0
Ritu644,398,4,67,90,1
Sanjay645,299,3,80,42,0
Pooja646,136,8,67,58,0
Ritu647,198,5,82,52,0
Karan648,412,5,135,33,1
Divya649,485,9,132,48,1
Vikram650,428,7,129,69,1
Priya651,46,0,89,58,0
Kavya652,0,5,138,55,1
Karan653,367,2,101,37,0
Nikhil654,360,2,74,97,1
Amit655,191,10,110,42,1
Karan656,69,2,115,92,0
Anjali657,362,8,138,75,1
Nikhil658,417,2,108,69,1
Neha659,65,2,60,80,0
Sanjay660,494,9,64,53,1
Swati661,414,9,88,43,1
Rohan662,169,1,90,74,1
Anjali663,325,1,102,87,0
Vikram664,127,1,104,62,0
Isha665,0,0,109,86,0
Anjali666,452,6,123,78,1
Suresh667,51,7,133,58,0
Amit668,409,0,97,32,0
Sneha669,37,5,81,78,0
Amit670,280,1,103,91,1
Meena671,482,10,81,85,1
Sneha672,169,3,84,82,0
Isha673,473,8,93,66,1
Sneha674,25,6,133,100,1
Rohan675,27,5,60,84,0
Vikas676,338,10,136,91,1
Rahul677,105,2,97,40,0
Sneha678,157,6,120,92,1
Arjun679,46,10,129,79,1
Rajesh680,195,5,83,87,0
Ravi681,238,4,88,64,0
Rohan682,385,10,72,40,1
Ritu683,277,6,135,59,1
Vikas684,198,8,113,98,1
Swati685,243,9,90,90,1
Suresh686,462,0,124,96,1
Tanvi687,317,2,75,87,0
Anjali688,497,3,84,46,0
Amit689,349,6,85,48,1
Arjun690,163,1,71,79,0
Simran691,166,4,126,88,1
Rahul692,402,9,135,96,1
Sneha693,212,2,78,42,0
Nikhil694,399,1,96,98,1
Rajesh695,210,4,109,92,1
Kavya696,19,2,95,81,0
Shreya697,348,6,64,80,1
Karan698,353,3,66,90,1
Rajesh699,190,0,103,68,0
Vikas700,251,10,72,59,0
Isha701,226,5,94,83,1
Amit702,96,7,87,82,1
Sanjay703,264,5,67,95,1
Amit704,159,8,111,47,1
Aditya705,450,9,63,52,1
Vikas706,102,0,91,34,0
Swati707,184,3,95,77,1
Aditya708,203,10,75,33,0
Kavya709,304,7,82,90,1
Divya710,176,2,93,41,0
Suresh711,25,2,133,57,0
Manish712,115,10,86,64,1
Aditya713,10,10,61,90,1
Manish714,88,9,61,58,0
Ritu715,482,4,95,84,1
Nisha716,178,7,92,57,0
Tanvi717,266,9,110,43,0
Tanvi718,494,5,131,66,1
Sneha719,246,1,103,65,0
Nisha720,141,4,98,54,0
Sanjay721,123,0,136,81,0
Tanvi722,71,0,123,67,0
Meena723,207,6,64,54,0
Deepak724,113,10,128,90,1
Tanvi725,183,8,98,51,1
Rajesh726,285,2,97,42,0
Isha727,132,8,83,72,1
Pooja728,181,3,99,83,1
Karan729,190,4,134,67,1
Sneha730,240,0,134,39,0
Vikram731,256,1,108,97,0
Priya732,445,2,77,55,0
Nikhil733,457,7,78,70,1
Anjali734,398,1,122,72,1
Anjali735,160,10,67,30,0
Vikram736,389,2,133,50,1
Sanjay737,399,1,76,85,1
Suresh738,219,7,109,30,0
Vikram739,374,5,61,71,1
Aditya740,97,0,60,61,0
Rajesh741,176,4,76,43,0
Nikhil742,156,2,68,35,0
Neha743,233,8,136,97,1
Rajesh744,351,2,103,92,1
Vikram745,84,6,62,59,0
Rohan746,108,0,135,94,0
Divya747,364,10,64,78,1
Arjun748,394,8,139,36,1
Priya749,338,1,62,36,0
Meena750,227,6,75,100,0
Deepak751,78,3,140,31,0
Tanvi752,51,10,126,64,1
Deepak753,70,6,73,95,0
Sneha754,144,1,73,93,0
Vikram755,398,4,126,55,1
Meena756,151,2,65,100,0
Vikram757,352,7,102,60,0
Tanvi758,45,1,133,93,0
Amit759,399,8,69,42,1
Manish760,118,7,97,63,0
Sneha761,416,2,65,67,0
Tanvi762,160,6,74,42,0
Rajesh763,23,0,77,51,0
Rajesh764,224,9,94,41,1
Karan765,93,1,111,81,1
Arjun766,427,6,121,83,1
Ritu767,85,1,76,37,0
Nisha768,81,1,113,91,0
Tanvi769,224,2,138,78,1
Shreya770,14,10,76,91,1
Sneha771,454,6,116,35,1
Manish772,160,0,127,58,1
Tanvi773,447,5,126,96,1
Shreya774,48,6,91,91,0
Tanvi775,328,6,79,36,0
Swati776,80,8,120,93,1
Amit777,384,7,101,60,1
Arjun778,25,8,88,100,1
Suresh779,418,3,70,88,1
Nikhil780,229,1,123,87,0
Kavya781,381,10,62,43,1
Priya782,285,8,60,41,1
Shreya783,326,4,125,56,1
Ravi784,486,5,106,36,1
Nisha785,232,5,131,90,1
Divya786,366,7,74,42,1
Pooja787,1,5,105,67,0
Divya788,359,1,65,51,0
Vikas789,367,6,73,62,1
Vikram790,61,6,87,88,1
Vikram791,366,5,73,83,0
Manish792,428,10,135,45,1
Ravi793,234,10,135,94,1
Kavya794,2,8,66,100,1
Vikas795,299,7,125,52,1
Anjali796,374,2,73,79,1
Shreya797,451,5,124,79,1
Shreya798,468,3,95,80,1
Neha799,231,2,77,82,0
Rajesh800,383,8,98,100,1
Deepak801,377,8,140,57,1
Shreya802,365,4,104,46,1
Manish803,499,2,124,99,1
Karan804,363,1,105,91,1
Tanvi805,363,6,128,66,1
Meena806,413,0,126,43,0
Rohan807,27,10,67,55,0
Ritu808,82,4,92,48,0
Deepak809,401,4,86,99,1
Vikas810,231,1,138,58,1
Simran811,199,3,125,66,1
Priya812,474,6,109,83,1
Tanvi813,160,8,66,31,0
Vikram814,317,7,88,77,1
Simran815,378,9,85,54,1
Anjali816,349,1,83,52,1
Sneha817,193,0,114,65,0
Rohan818,82,9,92,30,0
Deepak819,479,2,65,49,1
Shreya820,26,10,138,68,1
Nikhil821,281,5,69,70,0
Anjali822,266,1,124,50,0
Simran823,206,1,104,58,1
Tanvi824,169,5,106,67,0
Sanjay825,316,8,120,31,1
Divya826,228,3,138,61,1
Tanvi827,453,5,108,44,1
Simran828,370,4,63,96,1
Divya829,263,8,117,92,1
Rajesh830,333,3,101,95,0
Sneha831,85,8,128,30,1
Vikram832,343,10,87,84,1
Vikram833,275,6,69,49,0
Deepak834,169,0,71,39,0
Ritu835,128,8,69,59,1
Meena836,198,7,140,81,1
Rahul837,199,10,75,98,0
Isha838,316,1,134,35,1
Amit839,183,8,73,67,1
Neha840,310,1,96,86,0
Vikas841,338,0,120,50,0
Rohan842,382,6,129,67,1
Rohan843,152,10,107,31,1
Simran844,72,1,65,30,0
Suresh845,275,8,70,69,0
Isha846,462,5,87,82,1
Nisha847,262,2,80,53,0
Vikas848,129,3,74,53,0
Nikhil849,436,0,130,89,1
Amit850,148,10,68,62,0
Isha851,297,7,102,75,1
Manish852,120,1,96,38,0
Karan853,248,7,102,69,1
Rohan854,289,9,106,70,1
Anjali855,2,5,91,58,0
Manish856,223,4,106,47,1
Karan857,449,7,119,87,1
Neha858,249,8,73,52,1
Amit859,430,4,77,98,1
Isha860,453,10,69,39,1
Nisha861,259,10,63,81,1
Vikram862,464,0,130,63,1
Simran863,241,10,79,76,1
Rajesh864,395,9,97,47,1
Aditya865,46,6,106,94,0
Pooja866,434,9,81,95,1
Anjali867,91,9,132,48,1
Kavya868,480,5,65,58,1
Pooja869,32,4,107,59,0
Vikram870,265,5,109,90,1
Rajesh871,23,0,101,43,0
Aditya872,324,4,93,99,1
Suresh873,334,6,106,39,1
Suresh874,498,3,126,81,1
Nisha875,176,7,121,30,1
Rohan876,225,2,89,39,0
Arjun877,108,2,83,50,0
Deepak878,418,1,89,83,1
Isha879,58,7,121,91,0
Anjali880,331,6,62,61,0
Nikhil881,303,2,77,95,0
Nikhil882,75,0,81,63,0
Aditya883,490,6,136,32,1
Isha884,338,4,70,57,0
Kavya885,444,7,81,58,1
Shreya886,73,9,83,95,0
Isha887,351,5,118,38,1
Suresh888,67,1,62,55,0
Swati889,258,10,113,49,1
Anjali890,243,9,136,34,1
Simran891,257,1,71,91,0
Rajesh892,308,8,60,85,1
Divya893,447,0,127,84,1
Ritu894,246,6,104,42,0
Arjun895,244,3,70,66,0
Simran896,209,4,84,30,0
Ritu897,3,9,126,45,0
Suresh898,335,3,100,82,1
Rohan899,218,10,134,62,1
Simran900,216,9,106,65,1
Suresh901,386,3,112,100,1
Kavya902,91,5,131,91,0
Neha903,295,5,110,47,1
Tanvi904,60,3,117,50,0
Aditya905,205,5,130,36,0
Manish906,2,1,78,90,0
Meena907,45,1,93,58,0
Shreya908,19,6,111,96,0
Shreya909,29,2,123,86,0
Nisha910,336,8,96,54,0
Shreya911,261,8,89,51,1
Divya912,122,10,60,50,0
Arjun913,399,6,105,80,1
Vikram914,265,0,68,41,0
Isha915,424,8,134,74,1
Vikas916,141,3,137,54,0
Suresh917,294,0,93,52,0
Sneha918,286,1,124,67,0
Sneha919,411,8,92,98,1
Nikhil920,128,7,108,91,1
Sanjay921,173,7,118,33,1
Arjun922,34,6,88,59,0
Meena923,489,5,126,98,1
Vikas924,134,3,96,41,0
Isha925,420,5,69,100,1
Kavya926,160,5,87,64,0
Isha927,349,3,123,55,1
Pooja928,446,4,86,59,1
Pooja929,428,9,105,49,1
Sneha930,471,1,123,30,1
Simran931,490,0,121,77,1
Kavya932,459,9,95,92,1
Sanjay933,468,8,95,80,1
Nikhil934,65,0,127,84,0
Simran935,16,8,104,80,1
Sanjay936,89,7,75,96,0
Deepak937,4,0,86,78,0
Karan938,185,9,93,53,1
Pooja939,137,7,138,73,1
Kavya940,217,3,113,77,0
Suresh941,143,7,83,46,1
Tanvi942,117,1,94,60,0
Nisha943,195,3,78,49,0
Rahul944,90,6,123,47,1
Nisha945,322,8,128,70,1
Neha946,128,8,132,36,1
Deepak947,83,0,87,62,0
Manish948,49,7,102,63,0
Simran949,285,4,104,32,0
Divya950,444,10,137,55,1
Manish951,332,8,82,66,1
Tanvi952,261,7,117,40,1
Neha953,237,10,78,51,1
Swati954,172,6,140,81,1
Amit955,40,2,103,59,0
Manish956,149,4,137,80,0
Ravi957,399,5,135,96,1
Meena958,85,2,62,46,0
Tanvi959,128,1,86,51,0
Sneha960,32,7,130,36,0
Suresh961,268,1,73,63,0
Amit962,335,6,99,59,1
Neha963,226,10,76,46,1
Anjali964,14,0,105,71,0
Ravi965,499,8,94,100,1
Deepak966,276,2,135,88,1
Manish967,449,9,115,97,1
Simran968,158,5,121,99,1
Amit969,226,4,106,82,0
Neha970,5,0,126,47,0
Kavya971,273,0,122,91,0
Sanjay972,220,4,136,59,1
Simran973,191,3,112,85,0
Anjali974,366,10,109,78,1
Amit975,216,10,90,96,1
Swati976,313,10,94,66,1
Simran977,414,4,112,54,1
Anjali978,69,4,74,88,0
Arjun979,358,9,122,54,1
Rohan980,25,8,62,53,0
Neha981,137,2,116,31,0
Rohan982,7,7,87,73,0
Ritu983,409,7,107,89,1
Priya984,169,1,78,37,0
Suresh985,36,8,120,53,0
Vikas986,128,6,61,45,0
Deepak987,127,6,116,61,1
Priya988,101,7,72,96,1
Vikram989,242,6,99,71,0
Isha990,21,8,126,45,0
Manish991,152,3,106,36,0
Vikram992,498,1,90,85,1
Anjali993,406,4,134,45,1
Pooja994,4,0,134,90,0
Rohan995,190,1,91,50,0
Tanvi996,316,5,140,37,0
Manish997,78,8,73,46,0
Karan998,285,10,104,86,1
Rahul999,352,6,105,47,1
Priya1000,248,7,131,67,1
Kavya1001,97,9,83,99,1
Isha1002,239,4,136,100,1
Aditya1003,79,7,97,63,0
Ravi1004,0,10,124,78,1
Rajesh1005,9,9,106,60,0
Amit1006,337,8,109,54,1
Kavya1007,392,8,79,66,1
Manish1008,164,1,72,96,0
Priya1009,427,2,82,34,0
Kavya1010,98,1,64,79,0
Aditya1011,319,9,92,36,1
Shreya1012,367,1,61,56,0
Swati1013,455,1,119,37,1
Isha1014,480,6,107,37,1
Arjun1015,270,0,69,68,0
Vikram1016,491,8,72,42,1
Simran1017,197,3,84,97,1
Nikhil1018,320,2,131,83,1
Sanjay1019,326,9,105,88,1
Meena1020,452,1,81,53,1
Aditya1021,172,10,80,98,1
Ravi1022,477,5,100,100,1
Karan1023,432,5,112,85,1
Karan1024,311,3,132,99,1
Sanjay1025,281,4,106,87,1
Suresh1026,0,0,96,32,0
Rajesh1027,154,0,98,58,0
Karan1028,11,4,130,95,0
Swati1029,292,2,72,34,0
Rohan1030,70,4,106,61,0
Ritu1031,153,1,133,81,0
Vikram1032,375,1,101,91,0
Vikas1033,460,9,72,68,1
Ritu1034,295,6,70,37,1
Karan1035,178,6,113,45,1
Pooja1036,382,10,137,31,1
Manish1037,195,0,99,97,0
Simran1038,289,2,101,94,1
Rohan1039,25,10,110,87,1
Nikhil1040,258,1,88,85,0
Suresh1041,75,2,103,40,0
Isha1042,25,8,111,63,0
Aditya1043,222,2,77,91,0
Kavya1044,202,10,133,55,1
Isha1045,268,3,91,39,0
Meena1046,165,10,133,41,1
Meena1047,216,5,104,54,0
Shreya1048,335,0,99,51,1
Shreya1049,420,7,139,48,1
Swati1050,418,3,85,77,0
Isha1051,436,1,74,36,0
Shreya1052,474,2,96,31,0
Ritu1053,56,4,117,90,0
Vikram1054,378,8,87,56,1
Sanjay1055,132,8,121,48,1
Tanvi1056,9,6,134,97,0
Anjali1057,30,4,85,64,0
Manish1058,483,0,68,79,1
Tanvi1059,436,10,106,43,1
Nisha1060,452,10,109,59,1
Aditya1061,500,1,100,92,1
Simran1062,45,2,85,94,0
Simran1063,474,0,65,61,1
Neha1064,170,7,110,50,0
Tanvi1065,180,5,140,68,1
Aditya1066,141,0,140,62,1
Rajesh1067,417,0,131,65,1
Karan1068,459,6,77,41,1
Aditya1069,491,10,138,59,1
Nikhil1070,78,6,99,72,0
Rohan1071,105,10,77,99,1
Vikram1072,441,2,99,97,1
Meena1073,465,2,132,50,1
Simran1074,272,1,83,70,1
Rohan1075,372,0,100,82,1
Neha1076,226,10,95,49,1
Sneha1077,67,2,63,64,0
Shreya1078,118,9,89,59,1
Divya1079,40,7,77,94,1
Kavya1080,364,10,107,53,1
Kavya1081,242,2,80,54,0
Meena1082,391,0,94,82,0
Tanvi1083,103,3,68,52,0
Ravi1084,443,9,122,71,1
Rajesh1085,126,6,111,35,0
Vikas1086,194,5,110,98,1
Rajesh1087,360,0,126,43,0
Vikas1088,449,0,91,96,1
Isha1089,20,8,109,96,1
Priya1090,97,4,116,80,1
Sanjay1091,423,4,119,51,1
Shreya1092,470,0,126,48,1
Manish1093,231,1,124,44,0
Nikhil1094,480,8,77,80,1
Ravi1095,12,2,118,55,0
Amit1096,128,5,80,45,0
Deepak1097,230,10,106,40,1
Suresh1098,372,8,138,50,1
Suresh1099,22,2,102,49,0
Rohan1100,91,0,113,69,0
Sanjay1101,492,7,96,53,1
Rohan1102,491,3,60,62,0
Kavya1103,437,7,129,30,1
Kavya1104,121,3,135,90,1
Ravi1105,40,9,136,30,0
Simran1106,142,9,140,56,1
Rohan1107,28,10,104,34,0
Priya1108,341,9,137,68,1
Amit1109,25,1,113,52,0
Neha1110,312,10,136,52,1
Isha1111,296,5,64,41,1
Karan1112,188,6,68,84,1
Amit1113,149,7,77,45,0
Arjun1114,168,8,112,97,1
Vikram1115,313,0,73,97,1
Kavya1116,370,9,96,84,1
Karan1117,132,8,133,75,1
Shreya1118,288,7,126,93,1
Anjali1119,452,9,89,67,1
Rahul1120,60,0,119,45,0
Vikram1121,409,9,113,82,1
Divya1122,286,10,87,31,1
Deepak1123,144,4,68,69,0
Simran1124,165,0,74,72,0
Isha1125,291,9,63,52,0
Vikas1126,173,10,121,90,1
Manish1127,69,7,79,88,1
Simran1128,458,5,119,82,1
Priya1129,427,8,98,70,1
Rahul1130,106,9,102,75,0
Rohan1131,143,0,103,78,0
Vikas1132,84,9,137,79,1
Sneha1133,442,4,100,34,1
Amit1134,254,3,107,87,1
Neha1135,110,8,98,52,0
Ritu1136,19,3,71,86,0
Ritu1137,247,8,79,54,0
Kavya1138,375,8,99,71,1
Nisha1139,50,8,76,56,0
Ravi1140,198,8,74,30,0
Priya1141,351,9,71,72,1
Priya1142,52,8,99,32,0
Neha1143,327,3,101,55,0
Arjun1144,272,5,116,45,0
Anjali1145,140,1,61,95,0
Simran1146,179,8,100,64,0
Deepak1147,411,4,133,61,1
Neha1148,313,5,129,86,1
Rahul1149,241,10,66,43,0
Amit1150,218,6,82,87,1
Neha1151,170,3,128,40,1
Sanjay1152,391,7,132,46,1
Ritu1153,470,7,72,88,1
Manish1154,363,7,120,59,1
Rohan1155,440,9,93,76,1
Deepak1156,469,10,102,71,1
Rahul1157,33,7,74,74,0
Nisha1158,87,4,104,46,0
Suresh1159,418,1,101,39,1
Simran1160,236,6,135,82,1
Pooja1161,280,2,121,79,0
Vikram1162,416,9,115,85,1
Karan1163,278,3,82,39,0
Deepak1164,293,7,74,89,1
Sneha1165,420,7,82,69,1
Amit1166,306,1,136,78,1
Manish1167,338,0,71,57,0
Rajesh1168,297,10,60,48,1
Ravi1169,272,4,109,87,0
Tanvi1170,449,5,98,68,1
Swati1171,222,5,71,31,0
Aditya1172,206,2,97,37,0
Simran1173,495,0,60,75,0
Neha1174,443,0,90,85,1
Suresh1175,320,5,108,81,1
Simran1176,108,10,82,90,0
Simran1177,196,5,113,49,0
Nisha1178,343,2,77,31,0
Rahul1179,73,7,115,47,0
Manish1180,412,6,118,84,1
Ravi1181,260,6,130,87,1
Pooja1182,95,6,137,30,0
Nisha1183,374,3,124,64,1
Simran1184,295,5,64,34,0
Deepak1185,188,1,134,91,1
Amit1186,72,8,95,89,1
Aditya1187,455,9,71,61,1
Isha1188,339,10,69,99,1
Neha1189,313,0,103,98,1
Kavya1190,232,8,120,72,1
Ritu1191,150,4,81,34,0
Shreya1192,383,4,132,63,1
Kavya1193,296,2,133,36,1
Neha1194,414,9,63,66,1
Rohan1195,258,1,95,62,0
Arjun1196,140,4,61,44,0
Swati1197,302,2,117,77,1
Arjun1198,400,3,122,53,1
Nisha1199,16,5,70,48,0
Vikas1200,78,7,112,79,0
Ravi1201,371,10,81,56,1
Vikas1202,176,0,93,44,0
Ravi1203,204,7,98,90,1
Sanjay1204,472,8,89,78,1
Suresh1205,242,4,78,97,1
Rahul1206,147,7,108,70,1
Tanvi1207,489,0,72,98,1
Nisha1208,221,9,94,72,1
Ritu1209,50,4,134,80,0
Tanvi1210,383,3,135,54,1
Tanvi1211,353,2,100,100,0
Rahul1212,425,1,61,82,0
Sneha1213,350,7,104,58,1
Arjun1214,98,0,63,41,0
Shreya1215,336,3,136,45,1
Sneha1216,44,9,76,78,0
Rajesh1217,331,9,83,44,1
Arjun1218,150,7,69,88,1
Arjun1219,393,6,101,62,1
Amit1220,141,0,108,79,0
Priya1221,132,4,82,86,0
Swati1222,102,9,110,52,1
Sneha1223,73,8,115,57,1
Sneha1224,467,7,93,43,1
Amit1225,292,4,117,32,1
Rohan1226,334,10,60,34,1
Arjun1227,77,5,110,30,0
Sanjay1228,251,7,115,81,1
Sanjay1229,415,1,129,58,0
Deepak1230,418,7,75,98,1
Divya1231,170,10,98,81,0
Manish1232,46,5,128,73,0
Ravi1233,389,4,85,52,1
Suresh1234,338,3,98,79,1
Manish1235,352,5,122,40,1
Ravi1236,376,3,77,34,0
Isha1237,303,3,122,79,0
Simran1238,329,4,123,98,1
Ritu1239,230,0,64,73,0
Ritu1240,369,0,111,45,0
Manish1241,341,8,118,98,1
Nikhil1242,119,1,64,48,0
Rahul1243,241,9,65,61,1
Rohan1244,7,2,140,36,0
Vikas1245,406,1,118,51,1
Amit1246,418,1,74,93,1
Shreya1247,112,1,85,84,0
Vikas1248,377,10,111,71,1
Tanvi1249,294,8,77,71,1
Ritu1250,109,0,135,52,0
Sneha1251,140,2,113,51,0
Simran1252,84,7,91,35,0
Ritu1253,433,10,138,78,1
Rahul1254,450,7,70,30,0
Swati1255,45,10,135,66,1
Ritu1256,405,7,76,56,1
Arjun1257,267,7,112,60,1
Shreya1258,354,0,136,53,1
Shreya1259,486,1,140,68,1
Rahul1260,285,3,84,45,1
Sneha1261,316,5,129,94,1
Sanjay1262,320,10,86,65,1
Sneha1263,407,2,120,93,1
Tanvi1264,472,0,66,76,0
Meena1265,128,5,138,88,0
Isha1266,26,8,82,50,0
Kavya1267,263,1,69,60,0
Nikhil1268,296,5,113,55,1
Rajesh1269,166,3,74,71,0
Pooja1270,377,6,85,78,1
Amit1271,241,9,122,36,1
Rohan1272,110,9,118,52,1
Rohan1273,234,3,140,75,1
Vikram1274,171,2,64,37,0
Sneha1275,436,7,118,83,1
Karan1276,112,4,137,50,1
Manish1277,487,9,81,100,1
Amit1278,210,8,122,57,1
Vikas1279,236,4,61,84,1
Pooja1280,126,5,115,58,1
Nikhil1281,484,2,133,30,1
Priya1282,20,7,124,34,0
Suresh1283,245,1,117,93,0
Simran1284,385,0,112,57,0
Neha1285,122,10,71,32,0
Neha1286,82,7,133,33,1
Ravi1287,395,2,111,53,1
Divya1288,320,7,60,39,0
Deepak1289,170,8,64,67,0
Arjun1290,357,9,129,56,1
Amit1291,317,5,67,95,1
Tanvi1292,186,0,74,79,0
Shreya1293,20,5,106,52,0
Deepak1294,34,8,86,47,1
Pooja1295,276,1,121,56,1
Sanjay1296,115,5,105,64,0
Meena1297,141,0,68,77,0
Kavya1298,256,8,75,90,1
Tanvi1299,422,8,97,87,1
Ritu1300,344,1,84,88,0
Suresh1301,459,2,96,39,0
Arjun1302,57,2,123,49,0
Aditya1303,487,10,62,67,1
Tanvi1304,277,2,120,74,1
Isha1305,330,0,97,54,0
Nisha1306,410,3,126,72,1
Karan1307,335,10,101,92,1
Deepak1308,271,8,116,88,1
Rohan1309,459,4,81,63,1
Divya1310,497,4,66,48,1
Ravi1311,489,2,139,50,1
Neha1312,93,2,79,50,0
Priya1313,162,9,76,86,0
Anjali1314,105,8,64,70,1
Rohan1315,190,7,129,50,1
Sneha1316,471,0,111,93,1
Ravi1317,475,5,79,30,1
Simran1318,499,8,102,67,1
Neha1319,496,9,78,86,1
Sneha1320,374,7,65,47,1
Sneha1321,157,0,111,58,0
Amit1322,167,0,137,54,0
Pooja1323,400,4,85,32,0
Nisha1324,228,10,71,95,1
Kavya1325,162,9,137,95,1
Swati1326,341,5,110,48,1
Meena1327,189,6,107,31,0
Divya1328,157,7,131,41,0
Rajesh1329,227,6,116,66,0
Isha1330,496,6,113,47,1
Shreya1331,44,2,86,68,0
Nisha1332,268,5,68,78,0
Meena1333,327,4,113,52,1
Deepak1334,290,2,85,53,1
Neha1335,283,7,65,68,1
Neha1336,252,8,119,58,0
Rahul1337,78,4,98,90,0
Tanvi1338,457,4,113,52,1
Deepak1339,330,3,63,45,0
Kavya1340,496,1,136,76,1
Nikhil1341,223,4,140,90,1
Vikas1342,61,5,125,32,0
Anjali1343,297,0,78,70,0
Deepak1344,69,5,80,36,0
Meena1345,325,5,66,67,0
Manish1346,479,1,125,54,1
Anjali1347,391,1,136,51,1
Nisha1348,161,10,98,64,1
Deepak1349,185,1,128,75,1
Rahul1350,70,8,96,77,1
Meena1351,174,2,73,57,0
Pooja1352,425,3,131,97,1
Deepak1353,282,1,113,88,1
Sneha1354,419,2,62,91,0
Deepak1355,185,2,116,96,1
Karan1356,88,4,63,45,0
Nisha1357,355,2,89,69,0
Rohan1358,40,6,74,39,0
Kavya1359,387,6,65,55,0
Ritu1360,337,8,135,37,1
Swati1361,129,0,68,68,0
Sanjay1362,49,1,137,56,0
Vikram1363,94,10,104,33,0
Nisha1364,382,4,134,74,1
Nisha1365,256,9,90,94,1
Sneha1366,419,9,61,97,1
Vikram1367,493,4,81,98,1
Isha1368,50,3,124,90,0
Nikhil1369,94,7,73,53,0
Suresh1370,217,3,125,59,0
Sanjay1371,160,1,119,44,0
Kavya1372,390,5,96,35,0
Kavya1373,59,6,96,88,0
Neha1374,351,7,88,100,1
Nisha1375,219,3,68,90,1
Divya1376,91,0,122,43,0
Aditya1377,337,10,70,45,0
Suresh1378,355,9,73,51,0
Vikram1379,173,3,136,81,0
Vikas1380,217,7,95,64,1
Ritu1381,329,6,105,90,1
Suresh1382,248,8,95,48,1
Sneha1383,62,4,122,93,0
Rohan1384,15,1,66,38,0
Rahul1385,497,2,108,71,1
Shreya1386,319,1,69,96,1
Ritu1387,238,3,97,93,1
Arjun1388,277,5,129,99,1
Sanjay1389,16,6,75,79,0
Nisha1390,192,7,118,34,0
Simran1391,337,4,81,92,1
Neha1392,366,6,122,44,1
Kavya1393,337,8,129,90,1
Nisha1394,80,8,67,80,0
Nikhil1395,497,6,138,75,1
Neha1396,164,0,63,35,0
Divya1397,178,9,63,73,0
Meena1398,176,5,112,74,0
Pooja1399,126,3,99,40,0
Amit1400,444,4,74,73,0
Simran1401,166,0,118,84,0
Rajesh1402,215,4,62,90,0
Karan1403,193,9,109,71,1
Ritu1404,250,1,86,73,0
Ritu1405,391,10,103,51,1
Divya1406,496,6,85,93,1
Ritu1407,38,8,87,66,0
Neha1408,293,6,88,41,1
Nikhil1409,48,9,103,64,0
Ritu1410,271,7,114,56,1
Amit1411,333,4,124,68,1
Simran1412,160,3,113,81,0
Aditya1413,232,10,130,53,1
Manish1414,360,8,83,93,1
Vikas1415,380,7,94,98,1
Nisha1416,393,6,132,37,1
Divya1417,236,2,90,49,0
Sanjay1418,153,6,112,70,1
Swati1419,32,10,86,82,0
Neha1420,330,2,92,60,0
Sneha1421,76,3,63,61,0
Neha1422,237,7,131,85,1
Rajesh1423,18,3,80,64,0
Arjun1424,404,4,130,52,1
Priya1425,493,7,62,37,1
Amit1426,160,9,98,38,1
Meena1427,459,5,71,80,1
Isha1428,431,2,90,44,1
Aditya1429,477,1,126,97,1
Rajesh1430,46,3,136,45,0
Karan1431,168,9,109,60,1
Vikram1432,73,1,82,57,0
Ravi1433,209,4,135,37,1
Divya1434,358,1,100,99,1
Tanvi1435,126,4,78,76,0
Divya1436,420,4,62,34,1
Tanvi1437,409,0,90,62,1
Neha1438,327,5,75,98,1
Nisha1439,226,6,61,80,1
Swati1440,130,4,71,60,0
Nisha1441,455,2,116,70,1
Sanjay1442,329,6,64,65,1
Vikas1443,399,7,120,82,1
Karan1444,367,6,72,50,1
Aditya1445,33,5,113,100,1
Ravi1446,355,0,66,53,0
Ritu1447,328,2,60,81,0
Neha1448,160,9,70,44,0
Aditya1449,365,10,76,82,1
Karan1450,231,7,77,63,0
Nikhil1451,423,5,96,55,0
Divya1452,93,6,108,58,0
Rahul1453,472,8,138,59,1
Ravi1454,101,4,81,36,0
Meena1455,307,4,79,41,1
Anjali1456,484,9,75,31,1
Meena1457,395,7,123,45,1
Vikram1458,97,4,96,93,0
Meena1459,438,3,136,57,1
Neha1460,372,10,84,83,1
Ritu1461,74,0,97,63,0
Ravi1462,464,3,107,88,1
Kavya1463,68,5,110,57,0
Deepak1464,216,9,92,39,0
Priya1465,26,5,90,90,1
Shreya1466,480,10,136,35,1
Aditya1467,317,6,98,80,1
Rohan1468,495,8,65,52,1
Aditya1469,252,5,119,46,0
Deepak1470,271,6,78,63,0
Priya1471,65,7,95,76,1
Neha1472,462,4,138,63,1
Meena1473,457,2,100,92,1
Rohan1474,284,10,116,36,1
Priya1475,117,2,64,90,0
Deepak1476,239,6,74,93,0
Divya1477,363,8,122,88,1
Nisha1478,368,2,75,74,0
Nisha1479,145,2,81,95,0
Nikhil1480,456,10,134,57,1
Rahul1481,269,9,83,83,1
Pooja1482,393,7,72,72,0
Tanvi1483,348,1,110,77,1
Sneha1484,428,5,79,33,0
Vikas1485,362,10,121,88,1
Arjun1486,304,10,60,72,1
Manish1487,318,7,101,46,1
Priya1488,410,10,96,71,1
Isha1489,36,8,137,78,0
Arjun1490,91,3,111,41,0
Vikram1491,83,6,111,66,1
Manish1492,78,1,98,92,0
Isha1493,412,4,137,46,1
Sneha1494,426,5,125,55,1
Rajesh1495,198,7,94,84,0
Meena1496,415,5,138,53,1
Meena1497,47,0,125,73,0
Tanvi1498,114,10,79,93,1
Manish1499,268,1,97,89,0
Swati1500,410,7,98,49,1
Tanvi1501,462,4,91,96,1
Nikhil1502,24,8,69,35,0
Aditya1503,217,6,72,89,1
Nikhil1504,416,4,105,62,1
Sanjay1505,257,0,74,89,0
Anjali1506,431,6,65,40,1
Deepak1507,152,5,135,88,1
Ravi1508,319,4,103,53,0
Amit1509,382,9,93,43,1
Rahul1510,2,6,74,31,0
Kavya1511,235,6,137,92,1
Vikas1512,498,9,106,80,1
Amit1513,64,2,61,54,0
Rahul1514,356,3,63,56,0
Rohan1515,332,3,115,98,1
Neha1516,394,7,78,90,1
Sneha1517,85,2,116,92,0
Nisha1518,230,9,91,55,1
Vikas1519,426,6,66,72,0
Manish1520,433,6,113,93,1
Shreya1521,374,8,97,34,1
Kavya1522,262,9,138,92,1
Priya1523,270,0,114,70,0
Arjun1524,457,10,113,90,1
Shreya1525,480,10,104,87,1
Rahul1526,82,4,84,90,0
Pooja1527,259,3,135,73,1
Nisha1528,431,10,119,46,1
Isha1529,364,6,113,76,1
Ritu1530,497,2,139,56,1
Isha1531,44,10,121,46,0
Anjali1532,310,7,72,83,1
Kavya1533,155,3,86,36,0
Divya1534,451,4,105,50,1
Nisha1535,457,8,64,38,1
Sneha1536,316,3,75,58,0
Karan1537,401,5,65,64,1
Nisha1538,353,8,137,43,1
Swati1539,484,7,118,44,1
Ritu1540,312,9,73,35,1
Anjali1541,322,1,86,76,0
Neha1542,362,7,124,93,1
Sneha1543,78,10,106,72,1
Sneha1544,434,3,116,83,1
Rahul1545,125,7,103,66,1
Amit1546,136,5,113,76,1
Pooja1547,77,8,113,59,0
Meena1548,211,6,118,96,1
Divya1549,483,0,116,48,1
Deepak1550,412,8,68,40,1
Suresh1551,395,2,115,37,1
Priya1552,338,10,79,37,1
Deepak1553,409,10,126,67,1
Rajesh1554,348,8,98,70,1
Rahul1555,423,4,127,48,1
Ravi1556,329,3,129,86,1
Rajesh1557,415,10,111,55,1
Amit1558,18,8,102,79,1
Isha1559,450,2,126,99,1
Amit1560,261,8,99,96,1
Manish1561,81,0,63,99,0
Pooja1562,426,4,114,94,1
Priya1563,430,5,93,94,1
Priya1564,387,10,75,87,1
Isha1565,2,7,103,60,0
Nikhil1566,289,10,128,59,1
Neha1567,341,9,77,78,1
Pooja1568,53,5,126,54,1
Divya1569,232,1,78,84,0
Amit1570,47,0,114,46,0
Ravi1571,39,5,127,81,1
Aditya1572,398,6,93,93,1
Ravi1573,352,7,113,50,1
Rohan1574,248,7,76,95,1
Sneha1575,355,3,118,90,1
Anjali1576,483,8,107,45,1
Meena1577,56,1,107,67,0
Rohan1578,60,5,99,77,0
Kavya1579,14,2,78,83,0
Rajesh1580,156,4,87,53,0
Kavya1581,1,1,130,74,0
Priya1582,213,7,133,69,1
Rajesh1583,172,6,120,46,1
Aditya1584,325,7,117,87,1
Isha1585,166,1,139,82,0
Rajesh1586,202,5,129,35,1
Rajesh1587,226,4,71,51,0
Nikhil1588,322,4,131,45,1
Amit1589,98,9,129,36,1
Aditya1590,96,7,124,32,0
Swati1591,272,2,62,65,0
Pooja1592,424,9,116,40,1
Shreya1593,164,6,135,35,1
Swati1594,11,5,115,53,0
Nisha1595,270,5,108,62,0
Sneha1596,277,2,96,48,0
Sanjay1597,45,2,99,82,0
Priya1598,314,5,83,33,1
Neha1599,199,1,100,48,0
Karan1600,132,6,75,36,0
Sanjay1601,305,9,90,93,1
Aditya1602,197,1,94,37,0
Simran1603,208,1,121,33,0
Pooja1604,467,0,94,100,1
Tanvi1605,51,3,131,46,0
Meena1606,228,1,124,56,1
Rohan1607,191,8,81,61,1
Meena1608,492,8,117,35,1
Ravi1609,492,9,97,51,1
Swati1610,471,7,94,62,1
Suresh1611,179,10,87,95,1
Anjali1612,378,8,132,38,1
Suresh1613,357,1,77,65,1
Vikram1614,312,8,100,73,1
Sanjay1615,362,7,94,61,1
Karan1616,174,3,118,72,0
Deepak1617,68,10,60,90,0
Rahul1618,344,2,112,92,1
Simran1619,41,10,69,98,0
Vikas1620,417,10,116,45,1
Vikas1621,192,9,105,79,1
Sanjay1622,415,0,75,89,0
Vikram1623,227,0,88,32,0
Tanvi1624,471,5,84,41,1
Manish1625,155,3,89,93,1
Priya1626,143,7,137,56,0
Vikas1627,326,6,74,65,1
Kavya1628,87,8,84,52,0
Rohan1629,381,1,76,63,1
Nisha1630,116,8,95,54,1
Rahul1631,496,10,128,62,1
Rajesh1632,232,0,114,36,0
Karan1633,221,6,95,45,1
Ravi1634,253,5,126,35,1
Pooja1635,24,4,113,98,0
Rahul1636,200,3,102,40,1
Ritu1637,12,3,114,39,0
Vikram1638,84,5,99,38,0
Sneha1639,14,7,115,33,0
Manish1640,478,5,92,61,1
Pooja1641,490,5,66,72,1
Pooja1642,483,1,136,86,1
Manish1643,228,9,75,40,1
Swati1644,17,6,100,38,0
Priya1645,470,7,67,68,1
Meena1646,33,1,67,36,0
Suresh1647,205,1,139,82,0
Shreya1648,403,10,139,31,1
Ravi1649,407,6,139,42,1
Tanvi1650,400,0,118,96,1
Vikram1651,55,1,61,38,0
Vikas1652,99,9,76,95,0
Meena1653,246,9,116,53,1
Ritu1654,22,0,76,69,0
Aditya1655,491,10,105,69,1
Simran1656,397,2,78,90,0
Karan1657,149,5,61,96,0
Tanvi1658,74,0,90,94,0
Simran1659,439,0,114,74,0
Vikram1660,327,3,68,73,0
Kavya1661,355,7,136,72,1
Nikhil1662,493,5,138,68,1
Anjali1663,53,7,65,93,0
Rahul1664,327,3,89,89,1
Pooja1665,246,5,108,56,0
Vikas1666,3,5,61,39,0
Simran1667,58,2,97,86,0
Nikhil1668,467,5,65,33,0
Neha1669,89,3,93,52,0
Simran1670,125,2,85,32,0
Arjun1671,466,1,62,47,0
Ritu1672,453,1,103,56,1
Pooja1673,189,5,81,97,1
Shreya1674,451,6,68,45,0
Swati1675,66,3,84,98,0
Divya1676,162,9,114,61,1
Sanjay1677,315,9,84,98,1
Rohan1678,167,3,66,65,0
Nisha1679,260,9,122,56,1
Ritu1680,240,10,138,38,1
Suresh1681,384,10,125,77,1
Ravi1682,91,5,107,97,1
Deepak1683,489,7,120,64,1
Manish1684,471,9,64,56,1
Vikram1685,231,3,110,57,0
Rajesh1686,193,9,80,77,0
Amit1687,68,1,97,86,0
Pooja1688,298,0,119,95,1
Meena1689,230,7,115,82,1
Kavya1690,162,4,108,33,0
Pooja1691,135,10,69,75,1
Neha1692,431,8,125,99,1
Ritu1693,141,3,72,45,0
Priya1694,279,3,102,55,1
Arjun1695,154,10,95,54,1
Rohan1696,437,8,93,31,1
Neha1697,421,5,111,81,1
Sanjay1698,335,0,120,95,1
Rohan1699,443,6,89,59,1
Vikram1700,242,3,126,100,1
Isha1701,416,7,103,40,1
Vikram1702,219,6,86,86,1
Simran1703,15,5,77,46,0
Isha1704,4,7,105,73,0
Meena1705,351,6,128,68,1
Rahul1706,290,0,77,49,0
Karan1707,290,10,137,80,1
Vikram1708,485,6,68,98,1
Kavya1709,55,5,132,87,1
Neha1710,47,2,73,100,0
Vikas1711,352,9,122,33,1
Amit1712,466,6,96,56,1
Tanvi1713,268,1,118,37,0
Rahul1714,87,5,112,80,0
Sneha1715,66,8,113,91,1
Suresh1716,489,3,76,56,1
Vikas1717,363,10,120,50,1
Neha1718,300,3,124,88,1
Rahul1719,73,7,68,81,0
Pooja1720,269,5,132,92,1
Nikhil1721,20,1,96,88,0
Vikas1722,364,4,110,52,1
Anjali1723,460,9,115,88,1
Tanvi1724,93,9,72,80,1
Priya1725,122,2,95,98,0
Swati1726,34,3,123,82,1
Simran1727,62,5,69,43,0
Sanjay1728,166,6,117,51,0
Aditya1729,22,7,63,39,0
Tanvi1730,383,7,108,73,1
Nisha1731,99,6,64,31,0
Deepak1732,469,2,101,89,1
Amit1733,42,8,91,86,0
Vikas1734,142,2,81,32,0
Anjali1735,150,1,128,80,0
Tanvi1736,390,0,94,49,0
Anjali1737,110,0,128,57,0
Priya1738,428,10,126,43,1
Neha1739,227,0,136,30,0
Suresh1740,392,3,91,77,1
Vikram1741,46,0,113,33,0
Karan1742,420,3,68,58,1
Sneha1743,408,10,81,51,1
Aditya1744,55,5,101,54,0
Swati1745,277,6,114,45,0
Sneha1746,182,5,82,31,0
Karan1747,6,6,87,88,0
Tanvi1748,417,4,139,77,1
Rajesh1749,111,6,98,93,1
Sneha1750,364,8,132,51,1
Sneha1751,307,5,140,79,1
Sanjay1752,355,2,102,52,1
Rajesh1753,352,5,121,38,1
Shreya1754,466,9,117,78,1
Isha1755,119,8,135,31,0
Shreya1756,388,1,99,60,1
Sanjay1757,124,9,70,37,0
Kavya1758,151,3,79,78,0
Priya1759,121,9,116,72,0
Karan1760,329,0,126,83,1
Neha1761,384,0,89,72,0
Vikram1762,276,0,91,58,0
Suresh1763,266,5,83,86,1
Amit1764,445,7,68,54,0
Rohan1765,480,3,76,41,0
Simran1766,425,3,90,94,1
Isha1767,239,4,81,55,0
Anjali1768,310,3,98,66,1
Manish1769,103,4,121,40,1
Divya1770,203,6,81,90,1
Aditya1771,312,6,79,91,0
Suresh1772,218,1,98,98,0
Isha1773,89,4,108,89,0
Neha1774,192,8,137,91,1
Rohan1775,366,7,85,49,1
Rahul1776,6,8,107,92,0
Meena1777,481,6,107,79,1
Manish1778,301,1,112,34,1
Sneha1779,197,9,80,54,1
Arjun1780,394,5,125,92,1
Divya1781,356,0,109,84,1
Pooja1782,244,0,106,33,0
Manish1783,75,4,137,88,1
Rohan1784,130,3,137,50,0
Sanjay1785,47,10,109,80,1
Rajesh1786,41,8,84,84,0
Meena1787,129,4,124,98,1
Suresh1788,300,4,112,41,0
Nikhil1789,397,5,78,64,1
Swati1790,383,6,99,30,1
Vikas1791,251,0,72,38,0
Meena1792,268,6,96,85,0
Divya1793,95,2,85,92,0
Sneha1794,230,9,87,53,0
Isha1795,93,3,93,82,0
Swati1796,319,1,81,40,0
Suresh1797,63,4,68,73,0
Pooja1798,244,7,72,31,0
Sanjay1799,489,0,134,35,0
Aditya1800,405,0,108,96,1
Sanjay1801,136,7,120,73,1
Karan1802,189,10,103,70,1
Divya1803,340,6,108,37,1
Nisha1804,169,1,60,88,0
Suresh1805,371,2,63,45,1
Arjun1806,486,3,107,87,1
Tanvi1807,445,7,125,82,1
Rahul1808,326,5,62,76,1
Ritu1809,376,5,116,59,1
Suresh1810,378,9,70,74,1
Swati1811,482,7,72,79,1
Vikram1812,364,2,126,94,1
Kavya1813,407,1,98,100,1
Ravi1814,86,7,74,91,1
Pooja1815,124,3,81,41,0
Deepak1816,14,2,101,79,0
Pooja1817,368,4,120,45,1
Swati1818,273,10,122,41,1
Karan1819,446,3,133,38,1
Suresh1820,466,6,131,85,1
Pooja1821,132,1,97,41,0
Karan1822,379,9,84,44,1
Rohan1823,436,5,108,30,1
Nikhil1824,274,3,109,84,1
Divya1825,408,10,76,96,1
Nikhil1826,113,1,110,31,0
Ravi1827,161,2,97,58,0
Ravi1828,75,9,96,48,1
Nisha1829,410,0,136,70,1
Deepak1830,63,4,133,91,1
Vikram1831,253,4,108,37,1
Karan1832,78,3,88,36,0
Sanjay1833,91,7,110,68,1
Tanvi1834,467,2,62,100,1
Meena1835,347,7,104,80,1
Aditya1836,372,4,96,54,1
Simran1837,201,1,76,71,0
Nikhil1838,443,0,98,88,1
Nikhil1839,70,7,121,67,1
Vikram1840,111,3,61,76,0
Nikhil1841,52,10,78,78,1
Meena1842,347,2,67,42,0
Kavya1843,91,0,75,95,0
Nikhil1844,222,2,140,81,0
Sneha1845,123,6,122,68,1
Anjali1846,334,6,71,89,1
Manish1847,195,4,140,86,1
Sneha1848,59,1,75,92,0
Swati1849,260,3,62,91,0
Isha1850,48,9,83,79,0
Manish1851,359,6,98,46,0
Amit1852,365,8,83,81,1
Rahul1853,201,8,128,97,1
Aditya1854,428,9,128,45,1
Vikram1855,494,10,75,53,1
Deepak1856,92,0,131,87,1
Sneha1857,20,2,133,56,0
Amit1858,287,4,64,40,1
Aditya1859,152,5,129,51,0
Tanvi1860,0,3,98,35,0
Aditya1861,463,4,128,86,1
Kavya1862,355,5,126,75,1
Aditya1863,107,1,65,60,0
Rohan1864,153,3,77,100,0
Divya1865,142,2,139,84,0
Arjun1866,133,6,80,81,0
Arjun1867,346,6,78,98,1
Manish1868,375,4,84,77,1
Manish1869,420,8,137,50,1
Rohan1870,161,6,108,33,1
Pooja1871,39,4,75,98,0
Simran1872,208,1,102,41,0
Karan1873,398,4,78,58,0
Sneha1874,193,3,108,43,1
Sneha1875,89,8,99,92,0
Divya1876,358,9,96,100,1
Sneha1877,459,0,81,70,1
Suresh1878,92,5,128,100,1
Nisha1879,206,7,135,46,1
Tanvi1880,262,2,76,48,0
Isha1881,136,0,107,61,0
Meena1882,361,7,83,86,1
Ritu1883,239,8,96,65,1
Aditya1884,482,3,99,41,1
Meena1885,394,5,71,40,0
Pooja1886,483,1,81,37,0
Neha1887,283,7,61,84,1
Swati1888,374,2,121,93,1
Tanvi1889,454,8,75,81,1
Vikram1890,466,0,114,98,1
Pooja1891,378,10,127,35,1
Anjali1892,345,8,88,52,0
Vikas1893,68,8,105,36,0
Suresh1894,87,5,74,73,0
Pooja1895,425,8,75,67,1
Neha1896,135,3,60,80,0
Neha1897,475,10,125,34,1
Rajesh1898,316,7,67,75,0
Ravi1899,168,4,105,43,0
Rajesh1900,369,2,111,75,0
Meena1901,251,3,70,97,0
Rohan1902,210,1,122,30,0
Tanvi1903,128,3,120,80,0
Divya1904,219,2,128,64,0
Ravi1905,336,7,80,47,1
Meena1906,2,5,85,44,0
Priya1907,68,6,113,72,1
Anjali1908,341,3,121,64,0
Kavya1909,281,7,76,71,1
Sanjay1910,451,6,124,79,1
Sneha1911,405,0,76,49,0
Rahul1912,392,10,90,36,1
Karan1913,219,9,61,85,1
Neha1914,248,1,114,61,0
Isha1915,261,2,91,65,1
Nisha1916,134,3,114,55,0
Ritu1917,414,1,124,53,0
Nisha1918,302,10,79,59,1
Suresh1919,19,4,84,48,0
Shreya1920,102,1,66,78,0
Neha1921,358,10,89,58,1
Kavya1922,31,8,114,36,0
Arjun1923,186,4,104,83,0
Rajesh1924,24,2,65,30,0
Isha1925,164,3,96,90,0
Shreya1926,51,6,83,62,1
Divya1927,171,4,74,42,0
Tanvi1928,282,2,102,76,1
Divya1929,380,9,127,77,1
Arjun1930,107,9,109,41,1
Rohan1931,322,9,75,35,1
Swati1932,452,10,84,54,1
Swati1933,50,1,129,73,0
Kavya1934,389,3,128,49,0
Vikram1935,214,8,92,74,1
Ravi1936,322,1,115,38,0
Aditya1937,476,8,62,51,1
Deepak1938,495,2,97,35,1
Priya1939,406,3,110,93,1
Nisha1940,262,1,81,86,1
Suresh1941,287,6,111,64,1
Rahul1942,81,9,87,31,1
Ritu1943,262,7,124,97,1
Nisha1944,112,4,94,100,0
Pooja1945,23,8,90,67,0
Rohan1946,482,4,77,64,1
Priya1947,328,3,86,98,0
Manish1948,177,10,137,77,1
Deepak1949,452,8,93,47,1
Shreya1950,150,5,67,31,0
Pooja1951,374,4,82,62,1
Simran1952,336,9,73,78,1
Arjun1953,445,10,137,100,1
Ravi1954,112,5,94,56,0
Ritu1955,439,6,79,87,1
Isha1956,222,5,78,91,0
Anjali1957,235,2,82,54,0
Isha1958,92,10,96,32,0
Rajesh1959,90,6,137,54,0
Amit1960,218,3,118,81,0
Aditya1961,70,0,137,42,0
Rahul1962,56,0,65,46,0
Amit1963,137,2,140,31,0
Rahul1964,490,1,129,73,1
Amit1965,103,2,121,86,1
Neha1966,169,7,79,61,0
Deepak1967,136,10,129,45,0
Priya1968,52,8,97,43,0
Vikas1969,212,2,60,58,0
Meena1970,197,2,105,66,0
Rajesh1971,350,6,74,92,1
Sneha1972,114,1,96,75,0
Karan1973,60,5,70,35,0
Anjali1974,219,8,102,53,1
Rohan1975,457,10,98,66,1
Sneha1976,138,7,107,63,1
Deepak1977,408,1,60,49,0
Rohan1978,163,2,109,87,1
Ritu1979,499,7,68,44,1
Isha1980,142,2,71,71,0
Anjali1981,392,6,105,70,1
Kavya1982,355,6,137,72,1
Manish1983,471,3,109,83,1
Simran1984,273,7,128,98,1
Suresh1985,42,9,113,97,1
Deepak1986,415,3,71,60,0
Vikram1987,435,0,106,90,1
Swati1988,56,0,104,76,0
Nisha1989,398,2,97,88,0
Nisha1990,282,6,91,56,1
Priya1991,382,2,75,48,0
Rahul1992,356,6,107,36,1
Tanvi1993,297,1,121,50,0
Divya1994,72,1,91,39,0
Vikas1995,416,6,79,53,1
Rohan1996,383,8,98,90,1
Karan1997,227,10,61,66,0
Priya1998,451,10,64,52,1
Rahul1999,202,6,118,100,1
